练习题和上课讲的内容对不上，讲的和教材完全对不上，大部分同学都在玩手机。	0
赵老师的课太枯燥了，备课明显敷衍，大部分同学都在玩手机。	0
每次上冯老师的课都感觉时间过得很快，讲解深入浅出。	1
马老师上课经常跑题，扯些与课程无关的东西，纯属浪费时间。	0
这学期跟着孙老师，这次终于搞懂了。	1
感谢罗老师这学期的付出，理论联系实际，这次终于搞懂了。	1
觉得吴老师根本不了解学生的水平，一个例子翻来覆去讲，还不如自己看书。	0
听胡老师的课，控场能力很强，这些技巧马上就能用在课堂上。	1
课件做得太差了，对后排学生完全不管，期末挂了一大半。	0
这门课的信息量太少了，完全不顾学生有没有听懂，什么都没学到。	0
李老师对学生很不耐烦，备课明显敷衍，想退课了。	0
课程内容太难了，例题和考试完全不一样，考试完全不会。	0
感谢王老师这学期的付出，理论联系实际，收获很大。	1
课件做得太差了，例题和考试完全不一样，听着就想睡觉。	0
罗老师讲解很清晰，理论联系实际，复杂的概念一下子就懂了。	1
向林老师提问总是被敷衍，全程照着PPT念，听着就想睡觉。	0
这学期跟着吴老师，这次终于搞懂了。	1
原以为英语听力教学很难，但林老师讲完之后感觉豁然开朗。	1
孙老师的课讲得真好，内容安排合理，写教案都更有思路了。	1
上孙老师的课是一种享受，理论联系实际，进步很大。	1
第一次有人把项目式学习讲得这么清楚，这些技巧马上就能用在课堂上。	1
冯老师专业功底扎实，知识点讲得很透彻，比以前清晰多了。	1
课堂互动很好，宋老师经常组织情景模拟，进步很大。	1
感谢胡老师这学期的付出，条理很清晰，这些技巧马上就能用在课堂上。	1
孙老师举的案例都是实际教学中会遇到的情况，课堂气氛很活跃。	1
很喜欢孙老师的课，内容安排合理，收获很大。	1
学完这门课，对英语教学信心大增。	1
同学们对刘老师的评价都很高，声音洪亮有感染力，学生反馈非常好。	1
练习题和上课讲的内容对不上，讲的和教材完全对不上，课堂上根本没人听。	0
课件做得太差了，课堂上乱糟糟的，课堂上根本没人听。	0
向林老师提问总是被敷衍，纯属念经，浪费了一个学期。	0
第一次有人把写作教学讲得这么清楚，学到了很多实用的东西。	1
孙老师特别耐心，循循善诱，这些技巧马上就能用在课堂上。	1
同学们对赵老师的评价都很高，讲解深入浅出，学到了很多实用的东西。	1
冯老师上课经常跑题，扯些与课程无关的东西，什么都没学到。	0
课程内容很实用，板书工整规范，课堂参与度很高。	1
教学设备都不会用，孙老师讲错了还硬撑，纯属浪费时间。	0
李老师举的案例都是实际教学中会遇到的情况，知识点讲得很透彻。	1
这门课内容东拉西扯没有重点，全班成绩都很差。	0
教学设备都不会用，林老师讲的和教材完全对不上，浪费了一个学期。	0
黄老师特别耐心，因材施教，学生反馈非常好。	1
练习题和上课讲的内容对不上，课堂上乱糟糟的，越听越糊涂。	0
这门课的内容自己都讲不清楚，做都做不完。	0
整节课郑老师都在自顾自讲，教学大纲混乱不清，大部分同学都在玩手机。	0
这学期跟着何老师，进步很大。	1
陈老师上课从不照本宣科，节奏把控得当，对英语教学信心大增。	1
课堂纪律不好，郑老师也不管，做都做不完。	0
同学们对罗老师的评价都很高，讲解深入浅出，写教案都更有思路了。	1
小组讨论环节设计得很好，朱老师引导得当，对今后的教学很有启发。	1
冯老师迟到了好几次，教学大纲混乱不清，浪费了一个学期。	0
冯老师特别耐心，备课充分细致，收获很大。	1
整节课陈老师都在自顾自讲，对后排学生完全不管，浪费了一个学期。	0
课堂互动很好，张老师经常组织抢答游戏，学到了很多实用的东西。	1
这门课纯属念经，纯属浪费时间。	0
原以为翻转课堂很难，但赵老师讲完之后这次终于搞懂了。	1
整节课朱老师都在自顾自讲，动不动就发火，纯属浪费时间。	0
很喜欢冯老师的课，重难点把握得很好，对英语教学信心大增。	1
李老师上课很有激情，理论联系实际，学到了很多实用的东西。	1
说实话胡老师不太适合教这门课，备课明显敷衍，还不如自己看书。	0
作业太多，完全不顾学生有没有听懂，考试完全不会。	0
课堂互动很好，胡老师经常组织小组辩论，学生反馈非常好。	1
第一次有人把教案编写讲得这么清楚，课堂效率明显提高了。	1
说实话张老师不太适合教这门课，自己都讲不清楚，来上课的人越来越少。	0
每次上马老师的课都感觉时间过得很快，条理很清晰。	1
觉得周老师根本不了解学生的水平，讲错了还硬撑，知识学得稀碎。	0
课堂纪律不好，孙老师也不管，全班成绩都很差。	0
同学们对何老师的评价都很高，深入浅出，这些技巧马上就能用在课堂上。	1
林老师迟到了好几次，教学大纲混乱不清，想退课了。	0
课上的实训环节特别好，循循善诱，收获很大。	1
学完这门课，对今后的教学很有启发。	1
朱老师举的案例都是实际教学中会遇到的情况，循循善诱。	1
赵老师上课经常跑题，扯些与课程无关的东西，知识学得稀碎。	0
课堂纪律不好，马老师也不管，纯属浪费时间。	0
向赵老师提问总是被敷衍，讲错了还硬撑，越听越糊涂。	0
冯老师专业功底扎实，能把复杂的东西讲简单，这些技巧马上就能用在课堂上。	1
这门课很接地气，深入浅出，感觉豁然开朗。	1
孙老师特别耐心，条理很清晰，进步很大。	1
马老师的课太枯燥了，一个例子翻来覆去讲，期末挂了一大半。	0
教学效果很差，内容东拉西扯没有重点，还不如自己看书。	0
每次上胡老师的课都感觉时间过得很快，节奏把控得当。	1
这节课让我对混合式教学有了全新的认识，课堂参与度很高。	1
胡老师语速太快，例题和考试完全不一样，来上课的人越来越少。	0
原以为语法课堂很难，但冯老师讲完之后课堂参与度很高。	1
马老师上课很有激情，深入浅出，比以前清晰多了。	1
吴老师上课经常跑题，扯些与课程无关的东西，什么都没学到。	0
郑老师特别耐心，案例很贴近实际，进步很大。	1
上完这学期全班成绩都很差。	0
课上的实训环节特别好，PPT做得很用心，这些技巧马上就能用在课堂上。	1
这门课的教学计划完全没完成，经常迟到早退，考试完全不会。	0
刘老师上课从不照本宣科，讲解深入浅出，学生反馈非常好。	1
张老师的课太枯燥了，讲错了还硬撑，考试完全不会。	0
刘老师的课讲得真好，节奏把控得当，对今后的教学很有启发。	1
这门课的信息量太少了，讲的和教材完全对不上，大部分同学都在玩手机。	0
罗老师迟到了好几次，全程照着PPT念，期末挂了一大半。	0
胡老师上课从不照本宣科，内容安排合理，课堂效率明显提高了。	1
教学效果很差，对后排学生完全不管，全班成绩都很差。	0
马老师的课太枯燥了，动不动就发火，还不如自己看书。	0
赵老师语速太快，经常迟到早退，什么都没学到。	0
很喜欢张老师的课，备课充分细致，写教案都更有思路了。	1
何老师备课很充分，因材施教，能看出来花了很多心思。	1
冯老师上课很有激情，循循善诱，同学们都听得很认真。	1
刘老师特别耐心，因材施教，学到了很多实用的东西。	1
同学们对黄老师的评价都很高，节奏把控得当，对今后的教学很有启发。	1
作业太多，经常迟到早退，做都做不完。	0
课程内容太难了，教学大纲混乱不清，越听越糊涂。	0
张老师的教学方法很灵活，板书工整规范，学生反馈非常好。	1
刘老师的教学方法很灵活，备课充分细致，这些技巧马上就能用在课堂上。	1
这门课纯属念经，课堂上根本没人听。	0
课程内容很实用，案例很贴近实际，对英语教学信心大增。	1
课程内容很实用，知识点讲得很透彻，对今后的教学很有启发。	1
向何老师提问总是被敷衍，自己都讲不清楚，期末挂了一大半。	0
向林老师提问总是被敷衍，教学大纲混乱不清，浪费了一个学期。	0
和隔壁班比起来，陈老师教得差远了，做都做不完。	0
宋老师上课从不照本宣科，循循善诱，这次终于搞懂了。	1
这门课很接地气，节奏把控得当，写教案都更有思路了。	1
教学效果很差，例题和考试完全不一样，浪费了一个学期。	0
罗老师备课很充分，理论联系实际，能看出来花了很多心思。	1
周老师备课很充分，节奏把控得当，能看出来花了很多心思。	1
这节课让我对跨文化交际有了全新的认识，对今后的教学很有启发。	1
课堂纪律不好，吴老师也不管，期末挂了一大半。	0
这学期跟着李老师，学生反馈非常好。	1
上完这学期期末挂了一大半。	0
冯老师讲解很清晰，深入浅出，复杂的概念一下子就懂了。	1
听杨老师的课，声音洪亮有感染力，比以前清晰多了。	1
练习题和上课讲的内容对不上，例题和考试完全不一样，大部分同学都在玩手机。	0
练习题和上课讲的内容对不上，例题和考试完全不一样，考试完全不会。	0
林老师的课讲得真好，理论联系实际，对今后的教学很有启发。	1
向吴老师提问总是被敷衍，讲错了还硬撑，听着就想睡觉。	0
原以为课程思政很难，但朱老师讲完之后课堂参与度很高。	1
向宋老师提问总是被敷衍，动不动就发火，来上课的人越来越少。	0
罗老师对学生很不耐烦，全程照着PPT念，越听越糊涂。	0
这门课的教学计划完全没完成，完全不顾学生有没有听懂，全班成绩都很差。	0
这门课的教学计划完全没完成，备课明显敷衍，大部分同学都在玩手机。	0
整节课罗老师都在自顾自讲，自己都讲不清楚，听着就想睡觉。	0
课堂互动很好，刘老师经常组织情景模拟，学生反馈非常好。	1
何老师特别耐心，板书工整规范，收获很大。	1
赵老师特别耐心，因材施教，对英语教学信心大增。	1
学完这门课，课堂效率明显提高了。	1
说实话赵老师不太适合教这门课，讲的和教材完全对不上，做都做不完。	0
马老师专业功底扎实，声音洪亮有感染力，收获很大。	1
这门课讲错了还硬撑，期末挂了一大半。	0
同学们对刘老师的评价都很高，知识点讲得很透彻，写教案都更有思路了。	1
听林老师的课，深入浅出，写教案都更有思路了。	1
黄老师专业功底扎实，理论联系实际，感觉豁然开朗。	1
课程内容很实用，能把复杂的东西讲简单，收获很大。	1
觉得孙老师根本不了解学生的水平，全程照着PPT念，大部分同学都在玩手机。	0
王老师语速太快，教学大纲混乱不清，来上课的人越来越少。	0
黄老师特别耐心，条理很清晰，同学们都听得很认真。	1
同学们对孙老师的评价都很高，深入浅出，比以前清晰多了。	1
很喜欢朱老师的课，讲解深入浅出，比以前清晰多了。	1
课件做得太差了，课堂上乱糟糟的，全班成绩都很差。	0
第一次有人把产教融合讲得这么清楚，对今后的教学很有启发。	1
整节课罗老师都在自顾自讲，讲错了还硬撑，浪费了一个学期。	0
赵老师上课从不照本宣科，节奏把控得当，课堂效率明显提高了。	1
小组讨论环节设计得很好，何老师引导得当，学到了很多实用的东西。	1
第一次有人把写作教学讲得这么清楚，这些技巧马上就能用在课堂上。	1
课堂互动很好，陈老师经常组织案例分析，写教案都更有思路了。	1
向林老师提问总是被敷衍，纯属念经，期末挂了一大半。	0
周老师的课太枯燥了，完全不顾学生有没有听懂，听着就想睡觉。	0
课堂纪律不好，李老师也不管，知识学得稀碎。	0
课件做得太差了，对后排学生完全不管，什么都没学到。	0
冯老师上课从不照本宣科，因材施教，课堂效率明显提高了。	1
这门课的信息量太少了，例题和考试完全不一样，来上课的人越来越少。	0
课上的实训环节特别好，条理很清晰，学到了很多实用的东西。	1
林老师上课从不照本宣科，因材施教，课堂效率明显提高了。	1
孙老师举的案例都是实际教学中会遇到的情况，控场能力很强。	1
教材太老旧了，一个例子翻来覆去讲，越听越糊涂。	0
陈老师讲解很清晰，因材施教，复杂的概念一下子就懂了。	1
孙老师举的案例都是实际教学中会遇到的情况，重难点把握得很好。	1
学完这门课，感觉豁然开朗。	1
课上的实训环节特别好，备课充分细致，这次终于搞懂了。	1
同学们对吴老师的评价都很高，深入浅出，进步很大。	1
周老师的课讲得真好，能把复杂的东西讲简单，对英语教学信心大增。	1
罗老师的课讲得真好，内容安排合理，感觉豁然开朗。	1
整节课王老师都在自顾自讲，例题和考试完全不一样，越听越糊涂。	0
课件做得太差了，讲错了还硬撑，纯属浪费时间。	0
教材太老旧了，备课明显敷衍，大部分同学都在玩手机。	0
课堂互动很好，吴老师经常组织分组讨论，课堂参与度很高。	1
何老师的课讲得真好，PPT做得很用心，课堂参与度很高。	1
这门课教学大纲混乱不清，全班成绩都很差。	0
说实话林老师不太适合教这门课，经常迟到早退，大部分同学都在玩手机。	0
郑老师上课经常跑题，扯些与课程无关的东西，听着就想睡觉。	0
整节课冯老师都在自顾自讲，完全不顾学生有没有听懂，期末挂了一大半。	0
和隔壁班比起来，吴老师教得差远了，听着就想睡觉。	0
林老师上课很有激情，条理很清晰，课堂效率明显提高了。	1
上完这学期来上课的人越来越少。	0
感谢林老师这学期的付出，重难点把握得很好，写教案都更有思路了。	1
课堂互动很好，吴老师经常组织分组讨论，比以前清晰多了。	1
向朱老师提问总是被敷衍，备课明显敷衍，来上课的人越来越少。	0
同学们对郑老师的评价都很高，案例很贴近实际，课堂参与度很高。	1
郑老师上课从不照本宣科，节奏把控得当，收获很大。	1
课程内容太难了，教学大纲混乱不清，浪费了一个学期。	0
练习题和上课讲的内容对不上，内容东拉西扯没有重点，知识学得稀碎。	0
朱老师语速太快，自己都讲不清楚，还不如自己看书。	0
说实话林老师不太适合教这门课，讲错了还硬撑，浪费了一个学期。	0
上完这学期课堂上根本没人听。	0
这门课的内容全程照着PPT念，纯属浪费时间。	0
学完这门课，比以前清晰多了。	1
李老师专业功底扎实，备课充分细致，收获很大。	1
听林老师的课，深入浅出，这次终于搞懂了。	1
同学们对朱老师的评价都很高，循循善诱，这些技巧马上就能用在课堂上。	1
这门课经常迟到早退，还不如自己看书。	0
吴老师上课从不照本宣科，控场能力很强，这次终于搞懂了。	1
小组讨论环节设计得很好，冯老师引导得当，对今后的教学很有启发。	1
上周老师的课是一种享受，备课充分细致，这次终于搞懂了。	1
同学们对赵老师的评价都很高，控场能力很强，感觉豁然开朗。	1
黄老师举的案例都是实际教学中会遇到的情况，内容安排合理。	1
教材太老旧了，一个例子翻来覆去讲，考试完全不会。	0
感谢杨老师这学期的付出，深入浅出，对今后的教学很有启发。	1
听李老师的课，讲解深入浅出，同学们都听得很认真。	1
陈老师语速太快，动不动就发火，大部分同学都在玩手机。	0
觉得陈老师根本不了解学生的水平，一个例子翻来覆去讲，全班成绩都很差。	0
郑老师专业功底扎实，PPT做得很用心，收获很大。	1
课程内容太难了，例题和考试完全不一样，期末挂了一大半。	0
小组讨论环节设计得很好，何老师引导得当，感觉豁然开朗。	1
教学效果很差，全程照着PPT念，大部分同学都在玩手机。	0
李老师的课太枯燥了，动不动就发火，来上课的人越来越少。	0
每次上刘老师的课都感觉时间过得很快，备课充分细致。	1
这门课很接地气，因材施教，对今后的教学很有启发。	1
第一次有人把教案编写讲得这么清楚，收获很大。	1
朱老师上课从不照本宣科，控场能力很强，进步很大。	1
这门课很接地气，知识点讲得很透彻，写教案都更有思路了。	1
觉得孙老师根本不了解学生的水平，例题和考试完全不一样，知识学得稀碎。	0
课堂纪律不好，孙老师也不管，做都做不完。	0
张老师的课太枯燥了，纯属念经，还不如自己看书。	0
课上的实训环节特别好，理论联系实际，学生反馈非常好。	1
冯老师的课太枯燥了，动不动就发火，还不如自己看书。	0
每次上罗老师的课都感觉时间过得很快，理论联系实际。	1
觉得李老师根本不了解学生的水平，全程照着PPT念，听着就想睡觉。	0
第一次有人把产教融合讲得这么清楚，对英语教学信心大增。	1
上林老师的课是一种享受，案例很贴近实际，感觉豁然开朗。	1
林老师上课经常跑题，扯些与课程无关的东西，知识学得稀碎。	0
课堂纪律不好，李老师也不管，考试完全不会。	0
第一次有人把教案编写讲得这么清楚，感觉豁然开朗。	1
这学期跟着宋老师，写教案都更有思路了。	1
这门课的内容经常迟到早退，想退课了。	0
冯老师对学生很不耐烦，全程照着PPT念，浪费了一个学期。	0
这门课的教学计划完全没完成，课堂上乱糟糟的，浪费了一个学期。	0
这门课的内容教学大纲混乱不清，什么都没学到。	0
听朱老师的课，节奏把控得当，对英语教学信心大增。	1
课程内容太难了，内容东拉西扯没有重点，课堂上根本没人听。	0
课件做得太差了，对后排学生完全不管，全班成绩都很差。	0
原以为翻转课堂很难，但林老师讲完之后学到了很多实用的东西。	1
杨老师特别耐心，能把复杂的东西讲简单，进步很大。	1
这门课的内容一个例子翻来覆去讲，听着就想睡觉。	0
课上的实训环节特别好，讲解深入浅出，收获很大。	1
很喜欢黄老师的课，内容安排合理，收获很大。	1
课程内容很实用，内容安排合理，收获很大。	1
黄老师特别耐心，案例很贴近实际，学到了很多实用的东西。	1
黄老师迟到了好几次，讲的和教材完全对不上，想退课了。	0
黄老师特别耐心，循循善诱，同学们都听得很认真。	1
这门课的教学计划完全没完成，动不动就发火，期末挂了一大半。	0
课堂互动很好，王老师经常组织头脑风暴，比以前清晰多了。	1
教学效果很差，备课明显敷衍，全班成绩都很差。	0
作业太多，内容东拉西扯没有重点，来上课的人越来越少。	0
同学们对刘老师的评价都很高，循循善诱，写教案都更有思路了。	1
原以为情景教学法很难，但吴老师讲完之后学生反馈非常好。	1
每次上陈老师的课都感觉时间过得很快，控场能力很强。	1
练习题和上课讲的内容对不上，教学大纲混乱不清，考试完全不会。	0
吴老师备课很充分，控场能力很强，能看出来花了很多心思。	1
练习题和上课讲的内容对不上，课堂上乱糟糟的，纯属浪费时间。	0
向陈老师提问总是被敷衍，全程照着PPT念，想退课了。	0
黄老师语速太快，一个例子翻来覆去讲，浪费了一个学期。	0
陈老师的课太枯燥了，讲错了还硬撑，听着就想睡觉。	0
第一次有人把混合式教学讲得这么清楚，学生反馈非常好。	1
黄老师举的案例都是实际教学中会遇到的情况，控场能力很强。	1
王老师上课经常跑题，扯些与课程无关的东西，越听越糊涂。	0
林老师全程照着PPT念，自己都讲不清楚，期末挂了一大半。	0
罗老师语速太快，一个例子翻来覆去讲，想退课了。	0
吴老师特别耐心，深入浅出，收获很大。	1
这节课让我对任务型教学有了全新的认识，学生反馈非常好。	1
向陈老师提问总是被敷衍，自己都讲不清楚，大部分同学都在玩手机。	0
觉得陈老师根本不了解学生的水平，课堂上乱糟糟的，什么都没学到。	0
学完这门课，收获很大。	1
教学效果很差，经常迟到早退，什么都没学到。	0
这门课的教学计划完全没完成，全程照着PPT念，做都做不完。	0
课堂互动很好，胡老师经常组织头脑风暴，写教案都更有思路了。	1
吴老师全程照着PPT念，内容东拉西扯没有重点，什么都没学到。	0
这门课的信息量太少了，自己都讲不清楚，想退课了。	0
这学期跟着王老师，同学们都听得很认真。	1
第一次有人把翻转课堂讲得这么清楚，学生反馈非常好。	1
课程内容太难了，备课明显敷衍，来上课的人越来越少。	0
说实话马老师不太适合教这门课，讲的和教材完全对不上，什么都没学到。	0
学完这门课，这次终于搞懂了。	1
胡老师专业功底扎实，知识点讲得很透彻，收获很大。	1
课堂氛围很沉闷，对后排学生完全不管，听着就想睡觉。	0
第一次有人把分层教学讲得这么清楚，对今后的教学很有启发。	1
周老师全程照着PPT念，完全不顾学生有没有听懂，想退课了。	0
郑老师迟到了好几次，纯属念经，全班成绩都很差。	0
整节课何老师都在自顾自讲，课堂上乱糟糟的，知识学得稀碎。	0
课程内容很实用，控场能力很强，收获很大。	1
这门课的信息量太少了，纯属念经，纯属浪费时间。	0
课上的实训环节特别好，讲解深入浅出，对今后的教学很有启发。	1
何老师的教学方法很灵活，备课充分细致，进步很大。	1
上完这学期纯属浪费时间。	0
觉得朱老师根本不了解学生的水平，讲的和教材完全对不上，越听越糊涂。	0
这节课让我对产教融合有了全新的认识，进步很大。	1
很喜欢林老师的课，案例很贴近实际，同学们都听得很认真。	1
课上的实训环节特别好，深入浅出，学生反馈非常好。	1
王老师的课太枯燥了，内容东拉西扯没有重点，想退课了。	0
这门课的内容一个例子翻来覆去讲，想退课了。	0
课件做得太差了，全程照着PPT念，听着就想睡觉。	0
说实话何老师不太适合教这门课，课堂上乱糟糟的，全班成绩都很差。	0
宋老师的课讲得真好，知识点讲得很透彻，进步很大。	1
听冯老师的课，声音洪亮有感染力，课堂效率明显提高了。	1
王老师上课经常跑题，扯些与课程无关的东西，做都做不完。	0
杨老师上课从不照本宣科，PPT做得很用心，收获很大。	1
第一次有人把教学设计讲得这么清楚，收获很大。	1
每次上朱老师的课都感觉时间过得很快，深入浅出。	1
练习题和上课讲的内容对不上，一个例子翻来覆去讲，来上课的人越来越少。	0
吴老师讲解很清晰，讲解深入浅出，复杂的概念一下子就懂了。	1
黄老师语速太快，完全不顾学生有没有听懂，来上课的人越来越少。	0
原以为情景教学法很难，但郑老师讲完之后课堂效率明显提高了。	1
教材太老旧了，讲错了还硬撑，期末挂了一大半。	0
每次上陈老师的课都感觉时间过得很快，PPT做得很用心。	1
每次上马老师的课都感觉时间过得很快，循循善诱。	1
这学期跟着郑老师，学生反馈非常好。	1
说实话陈老师不太适合教这门课，完全不顾学生有没有听懂，越听越糊涂。	0
这学期跟着马老师，课堂效率明显提高了。	1
课程内容很实用，条理很清晰，课堂参与度很高。	1
郑老师讲解很清晰，理论联系实际，复杂的概念一下子就懂了。	1
感谢何老师这学期的付出，PPT做得很用心，课堂参与度很高。	1
这学期跟着王老师，写教案都更有思路了。	1
这学期跟着张老师，感觉豁然开朗。	1
同学们对刘老师的评价都很高，内容安排合理，比以前清晰多了。	1
这门课的内容内容东拉西扯没有重点，全班成绩都很差。	0
第一次有人把课程思政讲得这么清楚，感觉豁然开朗。	1
练习题和上课讲的内容对不上，内容东拉西扯没有重点，越听越糊涂。	0
教学设备都不会用，吴老师备课明显敷衍，想退课了。	0
课堂纪律不好，张老师也不管，大部分同学都在玩手机。	0
每次上陈老师的课都感觉时间过得很快，课堂气氛很活跃。	1
这门课的信息量太少了，一个例子翻来覆去讲，知识学得稀碎。	0
听郑老师的课，课堂气氛很活跃，收获很大。	1
孙老师的教学方法很灵活，理论联系实际，对英语教学信心大增。	1
朱老师迟到了好几次，内容东拉西扯没有重点，听着就想睡觉。	0
觉得杨老师根本不了解学生的水平，全程照着PPT念，什么都没学到。	0
课堂氛围很沉闷，动不动就发火，期末挂了一大半。	0
每次上林老师的课都感觉时间过得很快，理论联系实际。	1
觉得张老师根本不了解学生的水平，自己都讲不清楚，知识学得稀碎。	0
杨老师备课很充分，声音洪亮有感染力，能看出来花了很多心思。	1
这门课很接地气，理论联系实际，这次终于搞懂了。	1
郑老师的教学方法很灵活，节奏把控得当，学到了很多实用的东西。	1
胡老师的教学方法很灵活，声音洪亮有感染力，课堂参与度很高。	1
作业太多，讲错了还硬撑，越听越糊涂。	0
上完这学期还不如自己看书。	0
课堂氛围很沉闷，对后排学生完全不管，期末挂了一大半。	0
学完这门课，课堂参与度很高。	1
学完这门课，学生反馈非常好。	1
教材太老旧了，经常迟到早退，大部分同学都在玩手机。	0
第一次有人把教学设计讲得这么清楚，感觉豁然开朗。	1
课上的实训环节特别好，案例很贴近实际，进步很大。	1
这门课的教学计划完全没完成，动不动就发火，考试完全不会。	0
每次上刘老师的课都感觉时间过得很快，深入浅出。	1
这门课的内容经常迟到早退，考试完全不会。	0
整节课宋老师都在自顾自讲，课堂上乱糟糟的，还不如自己看书。	0
胡老师全程照着PPT念，课堂上乱糟糟的，考试完全不会。	0
练习题和上课讲的内容对不上，讲错了还硬撑，纯属浪费时间。	0
课程内容太难了，内容东拉西扯没有重点，期末挂了一大半。	0
教学设备都不会用，马老师经常迟到早退，想退课了。	0
这门课经常迟到早退，做都做不完。	0
黄老师对学生很不耐烦，课堂上乱糟糟的，纯属浪费时间。	0
小组讨论环节设计得很好，王老师引导得当，感觉豁然开朗。	1
这门课讲的和教材完全对不上，越听越糊涂。	0
杨老师语速太快，自己都讲不清楚，还不如自己看书。	0
上宋老师的课是一种享受，重难点把握得很好，感觉豁然开朗。	1
这门课很接地气，重难点把握得很好，课堂效率明显提高了。	1
刘老师语速太快，纯属念经，什么都没学到。	0
和隔壁班比起来，郑老师教得差远了，做都做不完。	0
上完这学期大部分同学都在玩手机。	0
同学们对罗老师的评价都很高，循循善诱，感觉豁然开朗。	1
学完这门课，进步很大。	1
这门课的信息量太少了，讲的和教材完全对不上，还不如自己看书。	0
小组讨论环节设计得很好，冯老师引导得当，进步很大。	1
这门课很接地气，循循善诱，比以前清晰多了。	1
周老师上课很有激情，能把复杂的东西讲简单，收获很大。	1
课程内容太难了，讲的和教材完全对不上，听着就想睡觉。	0
作业太多，讲的和教材完全对不上，来上课的人越来越少。	0
这节课让我对任务型教学有了全新的认识，对今后的教学很有启发。	1
这门课的内容动不动就发火，想退课了。	0
马老师备课很充分，内容安排合理，能看出来花了很多心思。	1
这节课让我对跨文化交际有了全新的认识，进步很大。	1
课程内容太难了，内容东拉西扯没有重点，做都做不完。	0
课程内容太难了，例题和考试完全不一样，听着就想睡觉。	0
郑老师上课经常跑题，扯些与课程无关的东西，纯属浪费时间。	0
觉得王老师根本不了解学生的水平，课堂上乱糟糟的，还不如自己看书。	0
第一次有人把课堂评价讲得这么清楚，课堂效率明显提高了。	1
黄老师专业功底扎实，板书工整规范，这些技巧马上就能用在课堂上。	1
张老师举的案例都是实际教学中会遇到的情况，内容安排合理。	1
原以为词汇教学法很难，但吴老师讲完之后写教案都更有思路了。	1
这门课动不动就发火，还不如自己看书。	0
教学效果很差，教学大纲混乱不清，越听越糊涂。	0
陈老师对学生很不耐烦，经常迟到早退，考试完全不会。	0
课上的实训环节特别好，备课充分细致，感觉豁然开朗。	1
这门课的信息量太少了，课堂上乱糟糟的，浪费了一个学期。	0
课堂氛围很沉闷，完全不顾学生有没有听懂，来上课的人越来越少。	0
林老师的教学方法很灵活，讲解深入浅出，这些技巧马上就能用在课堂上。	1
课堂氛围很沉闷，自己都讲不清楚，期末挂了一大半。	0
练习题和上课讲的内容对不上，自己都讲不清楚，什么都没学到。	0
课程内容太难了，例题和考试完全不一样，纯属浪费时间。	0
张老师全程照着PPT念，讲错了还硬撑，什么都没学到。	0
小组讨论环节设计得很好，杨老师引导得当，同学们都听得很认真。	1
练习题和上课讲的内容对不上，一个例子翻来覆去讲，听着就想睡觉。	0
张老师上课从不照本宣科，课堂气氛很活跃，写教案都更有思路了。	1
说实话罗老师不太适合教这门课，内容东拉西扯没有重点，越听越糊涂。	0
这门课的教学计划完全没完成，完全不顾学生有没有听懂，课堂上根本没人听。	0
这学期跟着杨老师，课堂参与度很高。	1
这门课很接地气，声音洪亮有感染力，收获很大。	1
这门课的内容内容东拉西扯没有重点，课堂上根本没人听。	0
教材太老旧了，一个例子翻来覆去讲，想退课了。	0
胡老师上课从不照本宣科，PPT做得很用心，这些技巧马上就能用在课堂上。	1
教材太老旧了，例题和考试完全不一样，浪费了一个学期。	0
感谢郑老师这学期的付出，条理很清晰，学到了很多实用的东西。	1
张老师语速太快，讲错了还硬撑，什么都没学到。	0
周老师备课很充分，备课充分细致，能看出来花了很多心思。	1
原以为翻转课堂很难，但马老师讲完之后这些技巧马上就能用在课堂上。	1
小组讨论环节设计得很好，黄老师引导得当，学生反馈非常好。	1
张老师的课太枯燥了，课堂上乱糟糟的，课堂上根本没人听。	0
课堂纪律不好，刘老师也不管，来上课的人越来越少。	0
每次上朱老师的课都感觉时间过得很快，因材施教。	1
教学效果很差，讲错了还硬撑，全班成绩都很差。	0
赵老师特别耐心，条理很清晰，写教案都更有思路了。	1
整节课冯老师都在自顾自讲，讲的和教材完全对不上，考试完全不会。	0
黄老师对学生很不耐烦，讲的和教材完全对不上，来上课的人越来越少。	0
作业太多，内容东拉西扯没有重点，考试完全不会。	0
觉得胡老师根本不了解学生的水平，讲的和教材完全对不上，知识学得稀碎。	0
周老师的课太枯燥了，经常迟到早退，课堂上根本没人听。	0
这门课的信息量太少了，内容东拉西扯没有重点，想退课了。	0
课堂纪律不好，冯老师也不管，越听越糊涂。	0
刘老师举的案例都是实际教学中会遇到的情况，因材施教。	1
课上的实训环节特别好，条理很清晰，这次终于搞懂了。	1
向何老师提问总是被敷衍，全程照着PPT念，还不如自己看书。	0
这门课很接地气，案例很贴近实际，收获很大。	1
何老师全程照着PPT念，内容东拉西扯没有重点，期末挂了一大半。	0
何老师的课讲得真好，条理很清晰，进步很大。	1
何老师的教学方法很灵活，知识点讲得很透彻，学到了很多实用的东西。	1
这门课的内容动不动就发火，期末挂了一大半。	0
杨老师备课很充分，条理很清晰，能看出来花了很多心思。	1
这学期跟着胡老师，对英语教学信心大增。	1
杨老师备课很充分，循循善诱，能看出来花了很多心思。	1
小组讨论环节设计得很好，刘老师引导得当，比以前清晰多了。	1
这学期跟着黄老师，进步很大。	1
上完这学期做都做不完。	0
同学们对马老师的评价都很高，知识点讲得很透彻，学到了很多实用的东西。	1
课堂氛围很沉闷，例题和考试完全不一样，什么都没学到。	0
刘老师迟到了好几次，课堂上乱糟糟的，来上课的人越来越少。	0
周老师上课很有激情，深入浅出，课堂效率明显提高了。	1
这门课的教学计划完全没完成，完全不顾学生有没有听懂，什么都没学到。	0
马老师举的案例都是实际教学中会遇到的情况，备课充分细致。	1
这节课让我对语法课堂有了全新的认识，写教案都更有思路了。	1
这门课经常迟到早退，期末挂了一大半。	0
每次上杨老师的课都感觉时间过得很快，知识点讲得很透彻。	1
马老师的教学方法很灵活，讲解深入浅出，对英语教学信心大增。	1
同学们对陈老师的评价都很高，课堂气氛很活跃，课堂效率明显提高了。	1
课件做得太差了，经常迟到早退，做都做不完。	0
教学设备都不会用，宋老师全程照着PPT念，越听越糊涂。	0
胡老师对学生很不耐烦，例题和考试完全不一样，浪费了一个学期。	0
这门课很接地气，能把复杂的东西讲简单，课堂效率明显提高了。	1
课程内容太难了，动不动就发火，做都做不完。	0
马老师的课讲得真好，节奏把控得当，学到了很多实用的东西。	1
觉得胡老师根本不了解学生的水平，经常迟到早退，听着就想睡觉。	0
听胡老师的课，因材施教，进步很大。	1
王老师对学生很不耐烦，自己都讲不清楚，期末挂了一大半。	0
同学们对罗老师的评价都很高，控场能力很强，进步很大。	1
郑老师专业功底扎实，课堂气氛很活跃，比以前清晰多了。	1
小组讨论环节设计得很好，周老师引导得当，进步很大。	1
课程内容太难了，全程照着PPT念，来上课的人越来越少。	0
宋老师上课经常跑题，扯些与课程无关的东西，全班成绩都很差。	0
课程内容太难了，课堂上乱糟糟的，来上课的人越来越少。	0
吴老师举的案例都是实际教学中会遇到的情况，PPT做得很用心。	1
教学设备都不会用，朱老师纯属念经，课堂上根本没人听。	0
这门课的信息量太少了，课堂上乱糟糟的，课堂上根本没人听。	0
课堂氛围很沉闷，一个例子翻来覆去讲，越听越糊涂。	0
赵老师上课很有激情，控场能力很强，学生反馈非常好。	1
课程内容太难了，教学大纲混乱不清，期末挂了一大半。	0
这门课的内容教学大纲混乱不清，来上课的人越来越少。	0
赵老师的课太枯燥了，对后排学生完全不管，纯属浪费时间。	0
何老师备课很充分，重难点把握得很好，能看出来花了很多心思。	1
第一次有人把任务型教学讲得这么清楚，课堂效率明显提高了。	1
这门课的信息量太少了，纯属念经，想退课了。	0
小组讨论环节设计得很好，孙老师引导得当，课堂效率明显提高了。	1
张老师语速太快，例题和考试完全不一样，考试完全不会。	0
周老师特别耐心，案例很贴近实际，收获很大。	1
杨老师语速太快，讲的和教材完全对不上，课堂上根本没人听。	0
罗老师语速太快，完全不顾学生有没有听懂，越听越糊涂。	0
课程内容太难了，一个例子翻来覆去讲，大部分同学都在玩手机。	0
课堂纪律不好，李老师也不管，还不如自己看书。	0
这门课的教学计划完全没完成，完全不顾学生有没有听懂，还不如自己看书。	0
胡老师对学生很不耐烦，对后排学生完全不管，期末挂了一大半。	0
朱老师专业功底扎实，课堂气氛很活跃，学生反馈非常好。	1
课程内容太难了，经常迟到早退，听着就想睡觉。	0
宋老师讲解很清晰，课堂气氛很活跃，复杂的概念一下子就懂了。	1
朱老师举的案例都是实际教学中会遇到的情况，案例很贴近实际。	1
胡老师的课太枯燥了，自己都讲不清楚，期末挂了一大半。	0
周老师讲解很清晰，内容安排合理，复杂的概念一下子就懂了。	1
每次上朱老师的课都感觉时间过得很快，条理很清晰。	1
学完这门课，写教案都更有思路了。	1
课堂互动很好，吴老师经常组织分组讨论，对今后的教学很有启发。	1
课堂氛围很沉闷，经常迟到早退，全班成绩都很差。	0
这门课自己都讲不清楚，听着就想睡觉。	0
罗老师全程照着PPT念，自己都讲不清楚，想退课了。	0
朱老师上课很有激情，备课充分细致，课堂效率明显提高了。	1
向吴老师提问总是被敷衍，完全不顾学生有没有听懂，想退课了。	0
练习题和上课讲的内容对不上，自己都讲不清楚，想退课了。	0
这门课例题和考试完全不一样，想退课了。	0
和隔壁班比起来，马老师教得差远了，浪费了一个学期。	0
这门课的教学计划完全没完成，完全不顾学生有没有听懂，纯属浪费时间。	0
作业太多，讲错了还硬撑，还不如自己看书。	0
何老师特别耐心，讲解深入浅出，比以前清晰多了。	1
王老师的课太枯燥了，全程照着PPT念，浪费了一个学期。	0
这门课很接地气，板书工整规范，感觉豁然开朗。	1
这门课自己都讲不清楚，期末挂了一大半。	0
很喜欢孙老师的课，能把复杂的东西讲简单，感觉豁然开朗。	1
觉得孙老师根本不了解学生的水平，内容东拉西扯没有重点，考试完全不会。	0
练习题和上课讲的内容对不上，全程照着PPT念，大部分同学都在玩手机。	0
这门课的内容备课明显敷衍，听着就想睡觉。	0
郑老师举的案例都是实际教学中会遇到的情况，板书工整规范。	1
很喜欢杨老师的课，内容安排合理，这次终于搞懂了。	1
教学效果很差，讲错了还硬撑，大部分同学都在玩手机。	0
朱老师的课讲得真好，声音洪亮有感染力，收获很大。	1
每次上黄老师的课都感觉时间过得很快，重难点把握得很好。	1
何老师举的案例都是实际教学中会遇到的情况，案例很贴近实际。	1
郑老师上课从不照本宣科，PPT做得很用心，感觉豁然开朗。	1
周老师上课很有激情，重难点把握得很好，同学们都听得很认真。	1
何老师备课很充分，深入浅出，能看出来花了很多心思。	1
课程内容太难了，备课明显敷衍，听着就想睡觉。	0
周老师上课很有激情，深入浅出，课堂参与度很高。	1
同学们对郑老师的评价都很高，条理很清晰，同学们都听得很认真。	1
和隔壁班比起来，胡老师教得差远了，做都做不完。	0
教学设备都不会用，朱老师内容东拉西扯没有重点，听着就想睡觉。	0
这门课自己都讲不清楚，想退课了。	0
胡老师讲解很清晰，知识点讲得很透彻，复杂的概念一下子就懂了。	1
这门课的教学计划完全没完成，动不动就发火，纯属浪费时间。	0
整节课孙老师都在自顾自讲，自己都讲不清楚，期末挂了一大半。	0
课堂氛围很沉闷，备课明显敷衍，还不如自己看书。	0
孙老师的课太枯燥了，纯属念经，越听越糊涂。	0
每次上胡老师的课都感觉时间过得很快，循循善诱。	1
整节课马老师都在自顾自讲，自己都讲不清楚，浪费了一个学期。	0
这学期跟着周老师，课堂参与度很高。	1
很喜欢陈老师的课，板书工整规范，写教案都更有思路了。	1
课堂互动很好，黄老师经常组织学生试讲，对今后的教学很有启发。	1
教学效果很差，课堂上乱糟糟的，听着就想睡觉。	0
觉得吴老师根本不了解学生的水平，完全不顾学生有没有听懂，全班成绩都很差。	0
教材太老旧了，经常迟到早退，期末挂了一大半。	0
陈老师上课很有激情，声音洪亮有感染力，学到了很多实用的东西。	1
觉得杨老师根本不了解学生的水平，纯属念经，什么都没学到。	0
说实话何老师不太适合教这门课，经常迟到早退，浪费了一个学期。	0
宋老师迟到了好几次，例题和考试完全不一样，知识学得稀碎。	0
原以为英语听力教学很难，但陈老师讲完之后这些技巧马上就能用在课堂上。	1
周老师备课很充分，重难点把握得很好，能看出来花了很多心思。	1
罗老师迟到了好几次，教学大纲混乱不清，什么都没学到。	0
很喜欢胡老师的课，课堂气氛很活跃，写教案都更有思路了。	1
课程内容很实用，内容安排合理，同学们都听得很认真。	1
向黄老师提问总是被敷衍，全程照着PPT念，越听越糊涂。	0
说实话朱老师不太适合教这门课，动不动就发火，越听越糊涂。	0
黄老师备课很充分，重难点把握得很好，能看出来花了很多心思。	1
教学设备都不会用，黄老师例题和考试完全不一样，还不如自己看书。	0
马老师的教学方法很灵活，板书工整规范，这次终于搞懂了。	1
课程内容太难了，自己都讲不清楚，大部分同学都在玩手机。	0
吴老师的课讲得真好，内容安排合理，对英语教学信心大增。	1
这门课的信息量太少了，讲错了还硬撑，全班成绩都很差。	0
王老师全程照着PPT念，一个例子翻来覆去讲，知识学得稀碎。	0
课程内容太难了，动不动就发火，还不如自己看书。	0
罗老师对学生很不耐烦，内容东拉西扯没有重点，考试完全不会。	0
郑老师迟到了好几次，完全不顾学生有没有听懂，来上课的人越来越少。	0
练习题和上课讲的内容对不上，课堂上乱糟糟的，全班成绩都很差。	0
课堂纪律不好，陈老师也不管，知识学得稀碎。	0
课堂互动很好，何老师经常组织学生试讲，同学们都听得很认真。	1
罗老师上课很有激情，讲解深入浅出，收获很大。	1
教学效果很差，课堂上乱糟糟的，期末挂了一大半。	0
林老师讲解很清晰，深入浅出，复杂的概念一下子就懂了。	1
课堂互动很好，黄老师经常组织学生试讲，同学们都听得很认真。	1
这学期跟着宋老师，收获很大。	1
同学们对刘老师的评价都很高，PPT做得很用心，课堂参与度很高。	1
何老师全程照着PPT念，经常迟到早退，知识学得稀碎。	0
罗老师上课从不照本宣科，能把复杂的东西讲简单，这些技巧马上就能用在课堂上。	1
这学期跟着罗老师，写教案都更有思路了。	1
作业太多，动不动就发火，考试完全不会。	0
感谢周老师这学期的付出，控场能力很强，写教案都更有思路了。	1
觉得冯老师根本不了解学生的水平，纯属念经，越听越糊涂。	0
教学设备都不会用，孙老师动不动就发火，大部分同学都在玩手机。	0
刘老师上课从不照本宣科，声音洪亮有感染力，这次终于搞懂了。	1
这门课很接地气，讲解深入浅出，进步很大。	1
这门课的内容内容东拉西扯没有重点，想退课了。	0
感谢李老师这学期的付出，课堂气氛很活跃，学到了很多实用的东西。	1
这门课教学大纲混乱不清，期末挂了一大半。	0
马老师语速太快，自己都讲不清楚，来上课的人越来越少。	0
课堂氛围很沉闷，课堂上乱糟糟的，做都做不完。	0
课堂氛围很沉闷，例题和考试完全不一样，听着就想睡觉。	0
课堂互动很好，罗老师经常组织情景模拟，课堂参与度很高。	1
每次上赵老师的课都感觉时间过得很快，PPT做得很用心。	1
感谢陈老师这学期的付出，理论联系实际，对英语教学信心大增。	1
陈老师上课很有激情，能把复杂的东西讲简单，收获很大。	1
教学设备都不会用，王老师完全不顾学生有没有听懂，想退课了。	0
冯老师全程照着PPT念，完全不顾学生有没有听懂，浪费了一个学期。	0
教材太老旧了，课堂上乱糟糟的，大部分同学都在玩手机。	0
上完这学期听着就想睡觉。	0
郑老师特别耐心，理论联系实际，对今后的教学很有启发。	1
这门课的教学计划完全没完成，课堂上乱糟糟的，全班成绩都很差。	0
课堂互动很好，胡老师经常组织分组讨论，比以前清晰多了。	1
教学设备都不会用，何老师课堂上乱糟糟的，浪费了一个学期。	0
